date,prod_yoy_pct,d_wage_share_yoy_pp,wage_share_pct,d_profit_share_yoy_pp,profit_share_pct
1948-01-01,3.7091103782934898,-0.21101170706985783,52.83508064212657,2.4579793970903605,11.281242709093782
1948-04-01,1.1965730784727846,-1.0493996227350166,52.122964261997964,1.6973464658140252,11.651080284847396
1948-07-01,4.415023631359372,-0.6043292815370833,52.596383902348165,1.3110438208154491,11.164200060172782
1948-10-01,0.7323182982322152,0.06613388916304075,52.76281717469308,1.5921306850066106,11.650842113523039
1949-01-01,1.2947809661387755,0.34634419989296106,53.18142484201953,-0.008454617439658918,11.272788091654123
1949-04-01,2.58396808143182,1.195431468992524,53.31839573099049,-1.0876403122657567,10.563439972581639
1949-07-01,4.837502972497054,0.028676103734895264,52.62506000608306,-0.1989357952152364,10.965264264957545
1949-10-01,3.857787574325666,-0.003853730543021072,52.75896344415006,-1.8070349545921118,9.843807158930927
1950-01-01,6.217709339622157,-0.8347927398074972,52.346632102212034,-0.5701516024151569,10.702636489238966
1950-04-01,6.4144497075850015,-0.41722727415933036,52.90116845683116,1.1070090550818268,11.670449027663466
1950-07-01,6.199438523643197,0.04455541223185833,52.66961541831492,1.5093830693212062,12.474647334278751
1950-10-01,6.924485098103039,0.4220520428867758,53.18101548703684,3.2359409227706166,13.079748081701544
1951-01-01,3.6592814322295997,0.7980107549308215,53.144642857142856,1.4152206536181762,12.117857142857142
1951-04-01,2.127572793356425,0.8350633429886685,53.73623179981983,0.11948965117056076,11.789938678834027
1951-07-01,2.1778817817849294,0.7914031226017428,53.46101854091666,-0.7732372000954477,11.701410134183304
1951-10-01,2.2952518220289875,0.5828329258353762,53.763848412872214,-1.1783953872622472,11.901352694439296
1952-01-01,2.696878494531685,1.3539953508500346,54.49863820799289,-0.9939618618833208,11.123895280973821
1952-04-01,2.807161560064886,0.9478664745618062,54.68409827438163,-1.22876647707794,10.561172201756087
1952-07-01,0.11771631730153054,1.3397570892828696,54.80077563019953,-1.3473452825783312,10.354064851604972
1952-10-01,1.9135390456596735,1.204482417038605,54.96833082991082,-0.7588466809733347,11.142506013465962
1953-01-01,2.2729944959972936,0.4328015569434456,54.931439764936336,0.04678362000045588,11.170678900974277
1953-04-01,2.708456206473331,0.5065978090799703,55.1906960834616,0.2899084646910506,10.851080666447137
1953-07-01,3.622396347792378,0.5517428335925203,55.35251846379205,0.20653396579202266,10.560598817396995
1953-10-01,1.174875892692162,0.7689026338298746,55.737233463740694,-2.329126735283719,8.813379278182243
1954-01-01,0.5144611354199746,0.37276815264401364,55.30420791758035,-1.696571283125337,9.47410761784894
1954-04-01,0.9729411057983306,-0.10848092292901867,55.082215160532584,-1.0492309872015113,9.801849679245626
1954-07-01,2.3368761007829697,-0.8189682484445839,54.53355021534747,-0.35716962630552374,10.203429191091471
1954-10-01,3.8088518348564637,-1.3170440377724262,54.42018942596827,2.0911222153109303,10.904501493493173
1955-01-01,5.553418827600032,-1.5860999802423947,53.718107937337955,2.3407531936783226,11.814860811527263
1955-04-01,5.202101701181405,-0.9741047442415294,54.108110416291055,2.0850296086850655,11.886879287930691
1955-07-01,3.7785351971370673,-0.1638193096036744,54.36973090574379,1.4596462980176135,11.663075489109085
1955-10-01,2.2998357417680193,0.12004466662551039,54.54023409259378,0.8966753754497496,11.801176868942923
1956-01-01,-0.8671027462345382,1.5019509148176056,55.22005885215556,-0.576555062299299,11.238305749227964
1956-04-01,-0.7178433197165823,1.381901018430149,55.490011434721204,-0.7566355714220911,11.1302437165086
1956-07-01,-1.0939285881206295,1.132262706717448,55.50199361246124,-0.7344443772296376,10.928631111879447
1956-10-01,0.3311603978535249,1.1348147169739775,55.675048809567755,-0.8960661434340338,10.905110725508889
1957-01-01,2.6812737865143266,0.17237035391792688,55.39242920607349,-0.24185848359880602,10.996447265629158
1957-04-01,1.7935844514919363,0.02759886134362688,55.51761029606483,-0.4763588587150487,10.653884857793551
1957-07-01,3.2027123820155268,-0.29250019236906866,55.20949342009217,-0.6385312140713602,10.290099897808087
1957-10-01,2.466153317279751,-0.22738379390010977,55.447665015667646,-1.3716443014379962,9.533466424070893
1958-01-01,-0.0544940580904818,0.16795065447320212,55.56037986054669,-2.5552443738979687,8.441202891731189
1958-04-01,2.2344465716043427,-0.5519127423652961,54.965697553699535,-2.0500940031350723,8.60379085465848
1958-07-01,2.7005299227318424,-0.20631336735887373,55.0031800527333,-1.0774150894036918,9.212684808404395
1958-10-01,4.0625751893844875,-0.9465590313416001,54.501105984326045,0.5941471520118213,10.127613576082714
1959-01-01,5.56886219599817,-0.7436926189579154,54.816687241588774,2.192112805954622,10.633315697685811
1959-04-01,4.644099812639535,-0.1572491185044811,54.808448435195054,2.697588837029887,11.301379691688366
1959-07-01,2.919939075486111,-0.3541477995839841,54.649032253149315,1.108551530575557,10.321236338979952
1959-10-01,0.9024839247558702,0.3961698386024466,54.89727582292849,0.18926118744358078,10.316874763526295
1960-01-01,3.0871251216141538,0.23465359077400905,55.05134083236278,0.1672400953881521,10.800555793073963
1960-04-01,0.5473885477547569,0.9533612787104673,55.76180971390552,-1.174226590483368,10.127153101204998
1960-07-01,1.0051610590570803,0.8074893266044967,55.45652157975381,-0.45932183688685946,9.861914502093093
1960-10-01,0.0,1.0275071729045067,55.924782995833,-0.7822050041607298,9.534669759365565
1961-01-01,-1.0237496772827814,0.5637030744439642,55.61504390680675,-1.5821446580288825,9.21841113504508
1961-04-01,3.142928397095446,-0.4444186834759378,55.31739103042958,-0.32038677264475446,9.806766328560244
1961-07-01,4.2345316260874455,-0.43805995456708047,55.01846162518673,0.22204361397556838,10.083958116068661
1961-10-01,6.420475377032542,-0.9932624623269675,54.93152053350603,1.1120271742148642,10.64669693358043
1962-01-01,6.757988121965219,-0.8212936016787395,54.79375030512801,1.3118297856081718,10.530240920653252
1962-04-01,3.7635524330116077,-0.11323223396208704,55.204158796467496,0.607047911420036,10.41381423998028
1962-07-01,3.727987716984682,-0.13731514071232453,54.88114648447441,0.4646710908466307,10.548629206915292
1962-10-01,3.604312063123416,0.21612433485485383,55.147644868360885,0.27265369031713327,10.919350623897563
1963-01-01,2.2837303108907747,0.32438272965561055,55.11813303478362,0.27883524813028693,10.80907616878354
1963-04-01,3.438325391010455,-0.014179248963074542,55.18997954750442,0.7380360121824765,11.151850252162756
1963-07-01,4.210427666871208,-0.16048805643410446,54.7206584280403,0.5705681166690688,11.11919732358436
1963-10-01,3.4118447891692494,-0.28403394500117685,54.86361092335971,0.23629410083169233,11.155644724729255
1964-01-01,3.7356843859357003,-0.5999177477372086,54.51821528704641,0.6944277471821945,11.503503915965734
1964-04-01,3.525907143663387,-0.28556299404870344,54.90441655345572,0.24095395132816755,11.392804203490924
1964-07-01,2.128092691362804,0.1917660153733749,54.91242444341368,0.21541051912788767,11.334607842712249
1964-10-01,1.2251684691142906,0.5045921515600966,55.368203074919805,0.03277836427305303,11.188423089002308
1965-01-01,2.023881877971778,0.2234222392495866,54.741637526295996,0.45584352548650386,11.959347441452238
1965-04-01,1.939842773312872,-0.1345001891072144,54.769916364348504,0.6649998505168622,12.057804054007786
1965-07-01,2.926486058405864,-0.41790071999933787,54.49452372341434,0.5776115873599643,11.912219430072213
1965-10-01,5.615774152571573,-0.8939934739185773,54.47420960100123,0.9906463500259068,12.179069439028215
1966-01-01,5.546316467133527,-0.31277059337620017,54.428866932919796,0.277907721705299,12.237255163157537
1966-04-01,4.389435979401757,0.43784630334178587,55.20776266769029,-0.08596869391854156,11.971835360089244
1966-07-01,2.706372687906722,1.0994092079529239,55.59393293136726,-0.34272167618573945,11.569497753886473
1966-10-01,1.6055034381793565,1.1843631613346304,55.65857276233586,-0.6691966678120167,11.509872771216198
1967-01-01,1.0401548958493212,1.2479517173520662,55.67681865027186,-1.1818990145144923,11.055356148643044
1967-04-01,2.1016670194946574,0.8179763635977366,56.025739031288026,-1.1173188385570096,10.854516521532235
1967-07-01,2.2819730708373065,0.4917688391384871,56.08570177050575,-0.7959835675343587,10.773514186352115
1967-10-01,1.9511449135910297,0.6398211140412968,56.298393876377155,-0.5314613326481297,10.978411438568068
1968-01-01,3.3705284073097364,0.500804297933918,56.17762294820578,-0.26534045675388995,10.790015691889154
1968-04-01,3.9362321284754476,0.05553296275270725,56.08127199404073,0.07443469985945761,10.928951221391692
1968-07-01,3.4661728548108783,0.4779140368194703,56.56361580732522,0.02163739253989938,10.795151578892014
1968-10-01,2.9391248579646145,0.5507740213119661,56.84916789768912,-0.2235794602202894,10.754831978347779
1969-01-01,1.5235362246280637,0.4764632279861871,56.65408617619197,-0.37310783483762044,10.416907857051534
1969-04-01,-0.22975030881462466,1.0750777314354778,57.15634972547621,-0.9854416774777963,9.943509543913896
1969-07-01,-0.1660845947560663,1.0538940668829966,57.61750987420822,-1.3366892756479896,9.458462303244024
1969-10-01,-0.4314683950917608,1.4197477761027457,58.26891567379187,-1.8505053271124527,8.904326651235326
1970-01-01,-0.9142725785140193,1.8460089531839756,58.50009512937594,-2.362969500887152,8.053938356164382
1970-04-01,1.358581162574346,0.9519065106170075,58.10825623609322,-1.6549511647125836,8.288558379201312
1970-07-01,2.8127419135724363,0.2240990991532641,57.84160897336148,-1.320414554456896,8.138047748787129
1970-10-01,2.395949208690018,-0.39620116131354877,57.87271451247832,-1.2378388062075478,7.6664878450277785
1971-01-01,5.006179354723228,-1.424151382437195,57.07594374693875,0.45784328442070077,8.511781640585083
1971-04-01,3.8383839001047804,-1.0460277446755555,57.06222849141766,0.25087571540107767,8.53943409460239
1971-07-01,3.2225400436021623,-0.9405963849988055,56.901012588362676,0.47519444451747717,8.613242193304606
1971-10-01,3.2727920087643803,-0.5613880116134098,57.31132650086491,1.2212099312415061,8.887697776269285
1972-01-01,1.9060062901720798,0.48523124853097244,57.56117499546972,0.5501543602080208,9.061936000793104
1972-04-01,3.573275434027723,-0.011558426057561633,57.0506700653601,0.41609150654545957,8.95552560114785
1972-07-01,3.204422582074251,0.1083151019685431,57.00932769033122,0.5432829282312159,9.156525121535822
1972-10-01,4.916925829375796,-0.21427509609826956,57.09705140476664,0.5749120134521704,9.462609789721455
1973-01-01,5.602255685103952,-0.5437011844075741,57.017473811062146,0.6293140264303254,9.691250027223429
1973-04-01,3.6879055497176516,-0.24174544832916922,56.80892461703093,0.32732373546816085,9.28284933661601
1973-07-01,2.1737110877115384,0.20822408330010944,57.21755177363133,0.12130124378578344,9.277826365321605
1973-10-01,0.7091135001684012,-0.0826727837784702,57.01437862098817,-0.26495269141617683,9.197657098305278
1974-01-01,-1.7704208111902098,0.5421305099954594,57.559604321057606,-0.9535747583644039,8.737675268859025
1974-04-01,-2.1067658353512986,0.6065556006865904,57.41548021771752,-0.8566871569310823,8.426162179684928
1974-07-01,-2.196000674109122,0.48635828940608405,57.70391006303741,-1.3110360682368123,7.966790297084793
1974-10-01,-0.6848059879225765,0.11195735016604402,57.12633597115421,-1.7390982249313076,7.4585588733739705
1975-01-01,0.29652429612312403,-0.7332378968652833,56.82636642419232,-1.4516883718788574,7.285986896980168
1975-04-01,2.1715550566915987,-1.0439386822419081,56.371541535475615,-0.6203828518633845,7.8057793278215435
1975-07-01,4.417355760177211,-1.792176664200106,55.911733398837306,0.7922018775300801,8.758992174614873
1975-10-01,3.6383426226993087,-1.310596550063302,55.81573942109091,1.5651216044925231,9.023680477866494
1976-01-01,4.368574837785566,-1.0877096801452666,55.738656744047056,2.3329227684005787,9.618909665380746
1976-04-01,3.708523460861679,-0.46881999311712264,55.90272154235849,1.5419509926609631,9.347730320482507
1976-07-01,2.7287712453994306,0.18911269229797512,56.10084609113528,0.5037498137045961,9.262741988319469
1976-10-01,2.9060582003000768,0.26703689848756085,56.08277631957847,-0.01031990260126392,9.01336057526523
1977-01-01,2.0797940682937277,0.24304539730727015,55.981702141354326,-0.3602575560079462,9.2586521093728
1977-04-01,1.5727878383618332,0.047760701748607914,55.9504822441071,0.6191991496448175,9.966929470127324
1977-07-01,2.381040452146932,-0.300795771872302,55.80005031926298,1.1051975605914688,10.367939548910938
1977-10-01,0.814143725074512,0.17739454634861573,56.26017086592709,0.8957080714378165,9.909068646703046
1978-01-01,0.22798469438507496,0.8066452047024342,56.78834734605676,0.2720275833762944,9.530679692749095
1978-04-01,1.7880995573220648,-0.2330086965976932,55.71747354750941,0.3144484311118507,10.281377901239175
1978-07-01,0.8073838340293626,0.01746186105202696,55.817512180315006,-0.08737373262211179,10.280565816288826
1978-10-01,2.743503546454873,-0.5400894270278656,55.72008143889922,0.5226762136069567,10.431744860310003
1979-01-01,1.7731609975932372,-0.486979109565965,56.301368236490795,0.36510952679804554,9.89578921954714
1979-04-01,-0.38091445261421164,0.42341151670871113,56.14088506421812,-0.5394274040461244,9.74195049719305
1979-07-01,-0.5644834858712144,0.2905864039744088,56.108098584289415,-0.8979265928772122,9.382639223411614
1979-10-01,-1.3370392694927347,0.6310540540716616,56.35113549297088,-1.4699429033243305,8.961801956985672
1980-01-01,0.04836077229684044,0.10304462990091423,56.40441286639171,-1.3863109050045956,8.509478314542545
1980-04-01,-0.8130208502183489,1.0263931331628342,57.16727819738095,-2.3503530150027494,7.391597482190301
1980-07-01,-0.297634332232688,0.9060338295915642,57.01413241388098,-1.8883184100197612,7.494320813391853
1980-10-01,0.8304657593595888,0.17523462824937752,56.52637012122026,-1.1153933973768622,7.84640855960881
1981-01-01,1.8858505667139092,-0.7226812520231292,55.68173161436858,-0.727277012835807,7.7822013017067375
1981-04-01,1.6315024890151797,-1.049268956683946,56.118009240697006,0.17591487815893814,7.567512360349239
1981-07-01,2.1683077489880187,-1.3470775784192597,55.66705483546172,0.3598561210397211,7.854176934431574
1981-10-01,0.0902898364893101,-0.4229227492538783,56.10344737196638,-0.37796623821213426,7.468442321396676
1982-01-01,-1.9402580803228986,1.2666805968446724,56.94841221121325,-1.0681291116644012,6.714072190042336
1982-04-01,-0.6107134574693696,0.43597740745009617,56.5539866481471,-0.5407726398473871,7.026739720501852
1982-07-01,-1.3443935566717524,0.9156487799381168,56.582703615399836,-0.9761955648537377,6.877981369577836
1982-10-01,0.5978642724673744,0.2701782588452275,56.37362563081161,-0.8404641602410061,6.62797816115567
1983-01-01,2.4509713281830603,-0.8880761670975659,56.06033604411569,0.2644529666263349,6.978525156668671
1983-04-01,4.588231660721354,-1.0530265626670783,55.500960085480024,0.5909350172908683,7.61767473779272
1983-07-01,4.629328397084453,-1.566804413978602,55.015899201421234,0.9676937792831977,7.845675148861034
1983-10-01,4.3287006749477275,-1.3808277697915514,54.99279786102006,1.4662457391939219,8.094223900349592
1984-01-01,3.4600846216289227,-1.2031360156616202,54.857200028454066,1.612476912391787,8.591002069060458
1984-04-01,1.8497504959647415,-0.7533929335364746,54.74756715194355,0.8040111107493164,8.421685848542037
1984-07-01,2.0318292035198304,-0.13164872703793407,54.8842504743833,0.31075504028017953,8.156430189141213
1984-10-01,1.5683921902553966,0.035307132747647074,55.028104993767705,0.16229747301667352,8.256521373366265
1985-01-01,1.4055376607075676,0.07000380836754516,54.92720383682161,-0.38903467674885306,8.201967392311605
1985-04-01,1.1646386053862035,0.28631383258526455,55.033880984528814,-0.26610457248052377,8.155581276061513
1985-07-01,2.009809028163101,-0.027935821220253843,54.85631465316305,0.2159428513603121,8.372373040501525
1985-10-01,2.298225681590438,0.22995210403444588,55.25805709780215,-0.43029177516244665,7.826229598203819
1986-01-01,3.1569535426346107,0.33383380070934976,55.26103763753096,-0.6923409459044807,7.5096264464071245
1986-04-01,3.6238241045941866,0.34562857911218714,55.379509563641,-1.0092071874344795,7.1463740886270335
1986-07-01,2.7841452071439843,0.5997738809742827,55.45608853413733,-1.5368342897796303,6.835538750721895
1986-10-01,2.169337641418334,0.6657856659056307,55.92384276370778,-1.042775276936788,6.783454321267031
1987-01-01,0.5178075408363902,0.8098969101629336,56.070934547693895,-0.5274979440874219,6.982128502319703
1987-04-01,0.4080134355134213,0.6324209588551284,56.01193052249613,0.5139410070002448,7.660315095627278
1987-07-01,0.003586800574240101,0.6444774334891932,56.10056596762652,1.1882423306662755,8.02378108138817
1987-10-01,1.2147561798126816,0.17798163943646728,56.10182440314425,1.0729448677096327,7.856399188976663
1988-01-01,2.06782515529067,0.2537347255232021,56.3246692732171,0.8387054519024595,7.820833954222162
1988-04-01,1.6667793705659406,0.3099331408773054,56.321863663373435,0.2401696023594031,7.900484697986681
1988-07-01,1.8567253656740057,0.22981345932888786,56.33037942695541,-0.1409492306867941,7.882831850701376
1988-10-01,0.9718421190348714,0.11473158370566239,56.21655598684991,0.32427057192196607,8.18066976089863
1989-01-01,0.7647614365493993,-0.45606734185955844,55.86860193135754,-0.06923917169267124,7.751594782529491
1989-04-01,0.7837113335098955,-0.8283664233916284,55.49349723998181,-0.4106892196022347,7.489795478384447
1989-07-01,1.0367505561841739,-0.9336664858181862,55.396712941137224,-0.4810937707012357,7.401738080000141
1989-10-01,0.9363610108001907,-0.36799780141228666,55.848558185437625,-1.1208599775192418,7.059809783379388
1990-01-01,1.6866800211896127,-0.14019008134167876,55.72841185001586,-0.6373044415092348,7.114290341020256
1990-04-01,2.088930205519368,0.4577667473685807,55.95126398735039,-0.16472922030646409,7.325066258077983
1990-07-01,1.9529983790222083,0.6707178449024838,56.06743078603971,-0.6070062743292279,6.794731805670913
1990-10-01,0.8966025813104572,0.4652862436152603,56.313844429052885,-0.1614181313275811,6.8983916520518065
1991-01-01,0.2826710834580304,0.4013659295293337,56.12977777954519,0.36144608299242353,7.47573642401268
1991-04-01,1.2130860587795667,-0.0072423984848342116,55.94402158886555,-0.016088187411465782,7.308978070666517
1991-07-01,1.729364496843644,-0.15445583962951304,55.912974946410195,0.3974456205581962,7.192177426229109
1991-10-01,3.252747339042461,-0.17264331931458088,56.141201109738304,0.27916647671742467,7.177558128769231
1992-01-01,4.900323875453783,0.3783530032082538,56.50813078275345,0.05851338056376765,7.534249804576447
1992-04-01,4.110781311138201,0.4929086464096386,56.43693023527519,0.16216559508047457,7.471143665746991
1992-07-01,4.16874324176737,0.257508562586267,56.17048350899646,-0.02563672452179766,7.166540701707311
1992-10-01,4.2742737120917695,-0.20623341199299006,55.934967697745314,0.1824403624301052,7.359998491199336
1993-01-01,1.4593574054658554,-0.848842272339752,55.659288510413695,-0.26299664737614314,7.271253157200304
1993-04-01,0.0406236549000738,-0.6247104459658743,55.81221978930932,0.13121552707291784,7.602359192819909
1993-07-01,-0.41480106281710505,-0.4591292097696851,55.71135429922678,0.5699809229484254,7.736521624655737
1993-10-01,-0.6119665411894459,-0.482967637292532,55.45200006045278,0.9590889911103826,8.319087482309719
1994-01-01,0.5219336235954941,-0.6624308788150728,54.99685763159862,1.0570209067927063,8.32827406399301
1994-04-01,1.2078884725197803,-0.7332905156623042,55.07892927364701,0.9045522156093977,8.506911408429307
1994-07-01,0.18905277293059797,-0.7159818606689896,54.99537243855779,1.1462820569325718,8.882803681588308
1994-10-01,0.8566668256249521,-0.6171365380777871,54.834863522374995,0.7490933847473276,9.068180867057047
1995-01-01,0.6438202892205425,-0.03430567434199361,54.96255195725663,0.6810048935157997,9.00927895750881
1995-04-01,1.014085999798997,-0.035206132746147034,55.043723140900866,0.7599172158268424,9.26682862425615
1995-07-01,1.5759959748468333,-0.07337129969827316,54.922001138859514,0.7089835143768735,9.591787195965182
1995-10-01,1.069307995370039,0.04153154099257961,54.876395063367575,0.5751862182347711,9.643367085291818
1996-01-01,1.6183530301799642,-0.12928581192822008,54.83326614532841,0.9609083775607346,9.970187335069545
1996-04-01,2.1192429659881995,-0.4241614416761763,54.61956169922469,0.6691591459471677,9.935987770203317
1996-07-01,2.4983253377844683,-0.18080502620597372,54.74119611265354,0.30413734748412047,9.895924543449302
1996-10-01,2.0522845716113736,-0.21992819521832985,54.656466868149245,0.36859329472355995,10.011960380015378
1997-01-01,1.2224117746942653,0.08235574747955354,54.91562189280796,0.2736048577209029,10.243792192790448
1997-04-01,1.719620113955056,0.08253630137984658,54.702098000604536,0.4044993274891464,10.340487097692463
1997-07-01,2.1511481322662895,-0.03779284561230156,54.70340326704124,0.6964770328036121,10.592401576252914
1997-10-01,2.534683817278527,0.6034965332420867,55.25996340139133,0.30440505712649646,10.316365437141874
1998-01-01,3.674330344900678,0.8222583031660946,55.73788019597406,-0.8008339951742567,9.442958197616191
1998-04-01,2.707699000223762,1.3567953914702713,56.05889339207481,-1.0247006928197937,9.31578640487267
1998-07-01,3.259163077424798,1.373831740984663,56.0772350080259,-1.326586291095877,9.265815285157037
1998-10-01,3.5296909509607843,0.6836457542448215,55.94360915563615,-1.4647751999660468,8.851590237175827
1999-01-01,3.987745812578769,0.436489061295795,56.17436925726985,-0.1303401129847721,9.312618084631419
1999-04-01,3.850839960443686,0.03795939617992161,56.09685278825473,-0.1732942700152602,9.14249213485741
1999-07-01,3.409191466029604,-0.0827122505662885,55.99452275745961,-0.4266384654883524,8.839176819668685
1999-10-01,4.120836795585703,0.175554062688704,56.11916321832486,-0.13045628481602378,8.721133952359803
2000-01-01,2.3325252430872467,1.3049759934000207,57.47934525066987,-0.8547710495003731,8.457847035131046
2000-04-01,3.9684906534774633,0.4205286390286176,56.51738142728335,-0.9685178264258756,8.173974308431534
2000-07-01,2.962589362285506,1.2244304188076711,57.218953176267284,-0.8718686791223771,7.967308140546308
2000-10-01,2.5418135762566685,0.8361051362840684,56.955268354608926,-1.055681446050719,7.665452506309085
2001-01-01,2.382237698941303,0.30472847224989863,57.78407372291977,-0.9886326500807066,7.469214385050339
2001-04-01,2.0919498490266974,0.4777973631685839,56.99517879045193,-0.549962609214627,7.624011699216907
2001-07-01,2.748758346556368,-0.3727970074734941,56.84615616879379,-0.6715679928583445,7.2957401476879635
2001-10-01,2.957746431760544,-0.3181235396313369,56.63714481497759,-0.2976219285622417,7.367830577746843
2002-01-01,5.596107862485766,-1.58031798498682,56.20375573793295,0.5994646152742309,8.06867900032457
2002-04-01,4.0466651387970565,-0.6997710461295554,56.295407744322375,0.6563493767365296,8.280361075953437
2002-07-01,4.249483361801598,-0.7930099675782145,56.053146201215576,1.2071786326515106,8.502918780339474
2002-10-01,2.862482137457256,-0.6436040142513164,55.99354080072627,1.8162597657014254,9.184090343448268
2003-01-01,1.765613443421632,-0.6003436062133432,55.60341213171961,0.9451331724183785,9.013812172742949
2003-04-01,2.9172056832530657,-0.5416336452205215,55.753774099101854,0.9485755077255682,9.228936583679005
2003-07-01,4.329952712359741,-0.7762899170079081,55.27685628420767,0.9865548096802641,9.489473590019738
2003-10-01,5.400155572114151,-0.7768419141767993,55.21669888654947,0.6644481752390092,9.848538518687278
2004-01-01,4.1345109782827905,-0.7425317168529944,54.860880414866614,1.6256530758550447,10.639465248597993
2004-04-01,3.86422641349764,-0.7008900254988149,55.05288407360304,1.513611700927008,10.742548284606013
2004-07-01,2.1538395574301816,0.013946293899486761,55.290802578107154,1.596101113642673,11.085574703662411
2004-10-01,1.6496739472951383,-0.4201096369365942,54.79658924961288,0.9139901648651865,10.762528683552464
2005-01-01,3.010814431711406,-0.6107758899111957,54.25010452495542,0.9539148949971299,11.593380143595123
2005-04-01,1.883457300954472,-0.8412653475454874,54.21161872605755,0.8418736794236725,11.584421964029685
2005-07-01,2.09545884998823,-1.0958697784463283,54.194932799660826,0.5241153419159446,11.609690045578356
2005-10-01,1.6677057598220912,-0.6850190575023447,54.111570192110534,1.374639135253073,12.137167818805537
2006-01-01,1.2878622217857405,0.015842783554809614,54.26594730851023,0.7296089233766612,12.322989066971784
2006-04-01,1.263174690590052,-0.20305329536917327,54.00856543068838,0.7123559147007317,12.296777878730417
2006-07-01,0.3882768935381975,-0.21348712639381517,53.98144567326701,0.9306446636555776,12.540334709233933
2006-10-01,1.0285128105869568,0.18954750673473342,54.30111769884527,-0.18523342769926288,11.951934391106274
2007-01-01,0.6976555433084286,0.6452699125653325,54.91121722107556,-1.156507841454923,11.166481225516861
2007-04-01,1.1084223344646205,0.463822658755916,54.472388089444294,-0.8037937393539032,11.492984139376514
2007-07-01,2.1756527931211522,0.15987302116533897,54.14131869443235,-1.624925282078138,10.915409427155796
2007-10-01,2.314675224266871,-0.08761069126160947,54.21350700758366,-1.4126215321287567,10.539312858977517
2008-01-01,1.2959893089384167,-0.14054311680982323,54.77067410426574,-1.278144487122006,9.888336738394855
2008-04-01,2.161372425390873,-0.2880546362152785,54.184333453229016,-1.8865081312824454,9.606476008094068
2008-07-01,1.5325096681439554,0.05283891306866195,54.19415760750101,-1.3090459392463067,9.606363487909489
2008-10-01,0.2106882309983682,0.8456997712897802,55.05920677887344,-3.2220092798734674,7.31730357910405
2009-01-01,2.0053046716266287,-1.2024771890625132,53.568196915203224,-0.8971385444080902,8.991198193986765
2009-04-01,3.109093430899179,-0.21151776478610884,53.97281568844291,-0.4146652346668045,9.191810773427264
2009-07-01,4.4463078180151605,-0.58082614005599,53.61333146744502,0.7234876382883719,10.32985112619786
2009-10-01,6.328987500915861,-1.840419766244004,53.218787012629434,3.5394636494100533,10.856767228514103
2010-01-01,5.303302334777982,-0.9584293697008306,52.60976754550239,2.4187543885738307,11.409952582560596
2010-04-01,3.364678090842421,-1.1655320973703525,52.807283591072554,2.0579374774797845,11.249748250907048
2010-07-01,2.429364504231657,-0.8961132752148302,52.71721819223019,1.8902256463666376,12.220076772564498
2010-10-01,1.3997662351465934,-0.6958655850219273,52.52292142760751,1.4082720536976812,12.265039282211784
2011-01-01,0.5521085048560082,0.61052802531281,53.2202955708152,-0.20480763467033825,11.205144947890258
2011-04-01,0.2824140833187272,-0.058291607186156114,52.7489919838864,0.595563530088647,11.845311780995695
2011-07-01,-0.5465825799853441,0.24455633281122147,52.96177452504141,-0.25503147511465407,11.965045297449844
2011-10-01,-0.38298659939242086,-0.5045886885707205,52.01833273903679,0.45074828318529825,12.715787565397083
2012-01-01,0.8598341766267836,-0.5941108607512078,52.626184710063995,1.7303782599649615,12.93552320785522
2012-04-01,1.3176031750113282,-0.2795858002442131,52.469406183642185,0.8876885093089033,12.733000290304599
2012-07-01,1.2077977036891063,-0.5945847860653046,52.36718973897611,0.5783467011363914,12.543391998586236
2012-10-01,0.35033697694277777,1.3493066616386713,53.36763940067546,-0.28204272612105896,12.433744839276024
2013-01-01,0.33600418016472844,-0.17252143173384127,52.453663278330154,-0.5607357760210423,12.374787431834177
2013-04-01,-0.4320204693527785,0.2517248889877237,52.72113107262991,-0.41591288230898016,12.317087407995619
2013-07-01,0.5713464121282819,-0.1928089291559374,52.17438080982017,-0.24670731869251306,12.296684679893723
2013-10-01,1.9083174710273987,-1.3524746896545992,52.01516471102086,-0.10747298022328344,12.32627185905274
2014-01-01,0.5853043037626016,0.5430622212675189,52.99672549959767,-0.4184592216939844,11.956328210140192
2014-04-01,1.4801640846452635,-0.3625226797233978,52.35860839290651,0.3940806891962172,12.711168097191836
2014-07-01,1.6238978686964778,-0.048486892937056325,52.125893916883115,0.5459839266866915,12.842668606580414
2014-10-01,0.3239855080197529,0.6506090386371213,52.66577374965798,0.4124560127928447,12.738727871845585
2015-01-01,1.7356345483540814,-0.05109676891054704,52.945628730687126,0.44640328269268714,12.40273149283288
2015-04-01,1.5799317835300641,0.5203315332983109,52.87893992620482,-0.5719765181228489,12.139191579068987
2015-07-01,1.0071689546212959,0.8678904367386835,52.9937843536218,-1.0411571531903707,11.801511453390043
2015-10-01,0.7307768252439395,0.5801120823811345,53.245885832039114,-1.5565272730651127,11.182200598780472
2016-01-01,0.5800610621089497,0.23202229503989713,53.17765102572702,-0.7863556806133296,11.61637581221955
2016-04-01,0.15276196550662036,0.05700358123240079,52.93594350743722,-0.8545313167368906,11.284660262332096
2016-07-01,0.21421871691087446,-0.07108255425961829,52.92270179936218,-0.46753106028561753,11.333980393104426
2016-10-01,1.506184021754109,-0.289406734421533,52.95647909761758,0.19776100185619505,11.379961600636667
2017-01-01,1.2416862882045798,-0.14737895844763926,53.030272067279384,-0.2563215717919647,11.360054240427585
2017-04-01,1.2318615259634846,0.23601402066800148,53.171957528105224,-0.028601904760531482,11.256058357571565
2017-07-01,1.700418553096661,0.2869742235286523,53.20967602289083,0.023964052510789813,11.357944445615216
2017-10-01,1.757391635302774,0.2395392060401207,53.1960183036577,0.02906649765785474,11.409028098294522
2018-01-01,1.9194676696223212,0.013542708912510193,53.043814776191894,0.007405115877803681,11.367459356305389
2018-04-01,1.8790039871537267,-0.253821538796295,52.91813598930893,0.27368337593373404,11.529741733505299
2018-07-01,1.3606729967217568,-0.11975659031008234,53.08991943258075,0.043708443767934924,11.40165288938315
2018-10-01,0.44934574932593563,-0.06671979535377659,53.129298508303926,0.09072950127334956,11.499757599567872
2019-01-01,0.964170454017399,0.61927565750333,53.663090433695224,0.07855136765679482,11.446010723962184
2019-04-01,1.5640764765911364,0.3060812226486007,53.22421721195753,-0.04906074452402365,11.480680988981275
2019-07-01,2.3908308989169846,-0.3526545282338631,52.73726490434689,0.10590488598271186,11.507557775365862
2019-10-01,3.5010449263566557,-0.17135348820040974,52.957945020103516,-0.04177585434554487,11.457981745222327
2020-01-01,2.258815001351433,0.49376721275229585,54.15685764644752,-1.0904806157448963,10.355530108217287
2020-04-01,6.397691352866097,2.1515060902029575,55.37572330216049,-1.022370705801217,10.458310283180058
2020-07-01,6.833192785060316,0.5714203197849272,53.308685224131814,1.2357075763223637,12.743265351688226
2020-10-01,5.097069854452574,1.3287219846177791,54.286667004721295,0.044044771541258854,11.502026516763586
2021-01-01,6.239036963971767,-0.8537288575696849,53.303128788877835,2.1677865294180805,12.523316637635368
2021-04-01,1.6461648878827617,-2.426352285196792,52.949371016963696,2.929400162219931,13.38771044539999
2021-07-01,-0.4449665527105573,-0.33743495742558594,52.97125026670623,0.45433693789280305,13.19760228958103
2021-10-01,0.9449059262272463,-1.7496268332024414,52.53704017151885,1.5971046048793838,13.09913112164297
2022-01-01,-1.0973848958386156,-1.110067838071899,52.193060950805936,0.04072060114000564,12.564037238775374
2022-04-01,-2.022190959106851,-1.545117896121944,51.40425312084175,-0.3154787873683649,13.072231658031624
2022-07-01,-1.409930814083804,-1.2873845276108682,51.68386573909536,0.0049260530444197315,13.202528342625449
2022-10-01,-1.4761614252837063,-1.401809820693309,51.135230350825545,-0.3230073610009452,12.776123760642024
2023-01-01,0.09704732044921727,-1.1639717365459603,51.029089214259976,0.3850859843347738,12.949123223110147
2023-04-01,1.8293441676442868,-0.21478037914181414,51.18947274169994,-0.24062634521986404,12.83160531281176
2023-07-01,3.02302036239972,-0.6257441736199922,51.05812156547537,-0.20581591186091508,12.996712430764534
2023-10-01,3.4353824277443934,-0.07302822972827983,51.062202121097265,0.4646671255450059,13.24079088618703
2024-01-01,3.2965560009504458,0.3140845961418819,51.34317381040186,-0.1042739832023738,12.844849239907774
2024-04-01,3.072268507167397,0.08049480629566119,51.2699675479956,0.1821500443352626,13.013755357147023
2024-07-01,2.571222674246343,0.16140302656390304,51.21952459203927,-0.2704425735311382,12.726269857233396
2024-10-01,1.8586569428985733,0.26739915342304243,51.32960127452031,0.0722075055746707,13.3129983917617
2025-01-01,1.20146176927598,0.2872990528085282,51.630472863210386,0.21305717300000104,13.057906412907775
2025-04-01,1.4684221693970656,-0.06458551497942011,51.20538203301618,-0.12358960122890217,12.89016575591812
2025-07-01,1.9050151207715693,-0.5526041661160619,50.66692042592321,0.4453052426159747,13.17157509984937
